Student_ID,Study_Hours,Attendance,Assignment_Score,Previous_Marks,Final_Marks,Result
STD001,4.4,90.4,96.4,58.3,87.1,Pass
STD002,9.6,94.8,97.2,73.6,100.0,Pass
STD003,7.6,65.9,94.9,62.5,98.5,Pass
STD004,6.4,55.5,62.2,67.7,71.8,Pass
STD005,2.4,61.4,40.9,91.5,69.5,Pass
STD006,2.4,71.4,95.7,58.2,67.9,Pass
STD007,1.5,90.9,65.7,92.7,85.3,Pass
STD008,8.8,93.0,98.0,89.3,100.0,Pass
STD009,6.4,50.3,97.8,46.7,69.9,Pass
STD010,7.4,75.5,91.2,39.2,77.4,Pass
STD011,1.2,70.9,57.7,41.0,37.8,Fail
STD012,9.7,61.1,63.1,36.1,76.7,Pass
STD013,8.5,56.0,91.1,40.7,76.7,Pass
STD014,2.9,66.9,59.0,76.0,67.5,Pass
STD015,2.6,97.1,50.2,39.3,60.2,Pass
STD016,2.7,66.2,73.4,54.1,70.3,Pass
STD017,3.7,75.9,96.2,85.7,87.8,Pass
STD018,5.7,85.2,81.8,36.4,70.3,Pass
STD019,4.9,68.2,74.2,83.9,76.4,Pass
STD020,3.6,98.6,45.8,51.9,68.8,Pass
STD021,6.5,98.1,76.9,42.1,74.0,Pass
STD022,2.3,62.6,99.4,76.8,80.8,Pass
STD023,3.6,74.9,48.4,72.7,74.1,Pass
STD024,4.3,65.0,71.1,87.6,76.0,Pass
STD025,5.1,64.2,92.6,79.1,74.1,Pass
STD026,8.1,51.8,84.4,83.2,98.1,Pass
STD027,2.8,80.5,81.8,51.9,65.3,Pass
STD028,5.6,75.1,82.1,45.6,79.7,Pass
STD029,6.3,52.6,61.6,80.0,70.7,Pass
STD030,1.4,63.9,57.6,83.4,59.3,Pass
STD031,6.5,95.4,88.6,94.4,100.0,Pass
STD032,2.5,62.0,88.6,59.8,64.4,Pass
STD033,1.6,57.2,92.0,57.3,56.9,Pass
STD034,9.5,74.5,94.8,81.6,100.0,Pass
STD035,9.7,99.3,70.7,55.4,91.8,Pass
STD036,8.3,62.1,70.1,90.8,93.8,Pass
STD037,3.7,83.6,87.9,86.5,84.2,Pass
STD038,1.9,88.1,79.0,60.7,69.2,Pass
STD039,7.2,61.9,82.1,80.1,92.3,Pass
STD040,5.0,86.4,87.7,80.3,81.6,Pass
STD041,2.1,68.4,93.4,41.2,50.9,Pass
STD042,5.5,81.6,60.3,89.2,92.1,Pass
STD043,1.3,81.7,62.5,65.3,62.6,Pass
STD044,9.2,76.8,45.6,84.6,91.0,Pass
STD045,3.3,54.5,74.7,54.2,68.5,Pass
STD046,7.0,91.8,42.2,88.7,91.0,Pass
STD047,3.8,66.0,67.9,58.4,71.6,Pass
STD048,5.7,59.3,72.6,35.7,65.0,Pass
STD049,5.9,52.0,57.2,89.3,89.6,Pass
STD050,2.7,79.5,75.4,40.5,68.7,Pass
STD051,9.7,83.9,41.8,54.2,85.9,Pass
STD052,8.0,50.8,42.2,92.0,90.2,Pass
STD053,9.5,75.6,89.4,92.0,100.0,Pass
STD054,9.1,61.3,61.6,69.4,95.2,Pass
STD055,6.4,82.3,47.6,72.9,76.4,Pass
STD056,9.3,58.7,71.3,61.9,91.2,Pass
STD057,1.8,84.5,86.2,52.6,69.3,Pass
STD058,2.8,69.3,52.9,54.7,49.5,Fail
STD059,1.4,96.8,77.4,75.4,65.8,Pass
STD060,3.9,56.9,45.1,80.1,56.7,Pass
STD061,4.5,67.1,43.1,82.5,70.9,Pass
STD062,3.4,55.7,71.9,82.4,74.3,Pass
STD063,8.5,96.2,72.4,40.5,94.2,Pass
STD064,4.2,93.9,78.2,64.7,78.9,Pass
STD065,3.5,62.9,83.6,38.5,68.1,Pass
STD066,5.9,83.0,98.6,68.0,81.0,Pass
STD067,2.3,90.9,71.0,61.5,59.1,Pass
STD068,8.2,77.8,59.4,88.3,94.8,Pass
STD069,1.7,76.5,87.7,56.1,65.0,Pass
STD070,9.9,62.1,56.2,42.0,80.9,Pass
STD071,8.0,54.7,66.3,43.6,63.9,Pass
STD072,2.8,94.9,44.7,80.7,71.7,Pass
STD073,1.0,95.0,41.5,72.1,54.8,Pass
STD074,8.3,81.7,97.8,41.1,90.9,Pass
STD075,7.4,67.0,90.2,40.0,80.2,Pass
STD076,7.6,67.5,81.8,77.1,85.9,Pass
STD077,7.9,86.3,64.5,39.4,77.3,Pass
STD078,1.7,94.9,50.4,84.3,64.8,Pass
STD079,4.2,94.4,49.4,77.4,77.1,Pass
STD080,2.0,89.0,55.0,39.9,60.0,Pass
STD081,8.8,82.1,73.0,40.1,79.4,Pass
STD082,6.6,54.2,82.9,94.2,92.0,Pass
STD083,4.0,58.1,79.6,57.5,63.9,Pass
STD084,1.6,94.9,56.8,57.2,57.5,Pass
STD085,3.8,80.3,97.3,83.8,83.5,Pass
STD086,3.9,50.5,84.3,91.8,72.0,Pass
STD087,7.6,55.1,73.3,94.2,89.0,Pass
STD088,6.7,83.2,76.7,80.2,85.0,Pass
STD089,9.0,50.3,65.2,57.6,91.6,Pass
STD090,5.2,58.0,54.9,40.0,60.5,Pass
STD091,2.1,77.4,61.4,81.6,65.1,Pass
STD092,7.4,84.6,85.5,68.5,92.9,Pass
STD093,7.8,82.6,40.9,60.5,80.6,Pass
STD094,6.1,61.2,47.0,89.4,79.3,Pass
STD095,7.9,85.6,42.8,41.7,79.2,Pass
STD096,5.4,61.9,42.4,64.6,72.0,Pass
STD097,5.7,66.3,91.3,35.7,67.5,Pass
STD098,4.8,87.3,82.2,63.1,76.7,Pass
STD099,1.2,82.5,68.5,38.4,51.2,Pass
STD100,2.0,92.5,45.9,42.1,43.5,Fail
STD101,1.3,82.9,69.5,42.1,47.0,Fail
STD102,6.7,78.4,68.4,74.0,92.8,Pass
STD103,3.8,54.7,50.4,79.8,75.1,Pass
STD104,5.6,68.4,66.0,70.0,76.0,Pass
STD105,9.2,63.3,63.9,92.7,100.0,Pass
STD106,3.2,62.2,77.0,57.5,65.4,Pass
STD107,4.7,98.7,78.1,52.1,92.7,Pass
STD108,7.8,69.7,42.7,87.1,93.2,Pass
STD109,3.1,94.6,62.5,48.4,64.9,Pass
STD110,1.7,81.6,77.6,92.8,70.4,Pass
STD111,3.6,89.7,70.2,35.7,55.3,Pass
STD112,2.5,75.1,91.4,93.2,80.7,Pass
STD113,9.4,78.8,79.5,37.6,82.6,Pass
STD114,8.3,74.6,49.8,88.5,85.7,Pass
STD115,6.7,59.8,44.2,66.7,70.7,Pass
STD116,8.8,86.1,78.5,94.6,100.0,Pass
STD117,8.2,64.0,41.6,39.4,79.3,Pass
STD118,2.7,51.2,75.1,68.2,66.9,Pass
STD119,9.0,82.3,96.4,93.2,100.0,Pass
STD120,5.9,58.9,74.5,66.4,83.9,Pass
